identifier,url
hooooo,https://imirai.xyz/
hgfvwb,https://weibo.com/u/3993276381
yunjun,https://ys.mihoyo.com/
VEM1TR,https://example.com/
XX0wd6,https://gtihub.com/
Upnrlv,https://baike.baidu.com/item/%E8%B4%BA%E6%96%B0%E9%83%8E%C2%B7%E8%AF%BB%E5%8F%B2/5961892
8XynSL,https://b23.tv/7tZkTVG
yZVEEK,https://github.com/CSUSTers/csust-got
4d71UI,https://github.com/CSUSTers/csust-got/issues/3
2CMscA,https://github.com/CSUSTers/csust-got/issues/3
Glz4Yp,%E9%B8%9F%E4%B8%8D%E6%8B%89%E5%B1%8E.pro
Dvzta9,https://github.com/CSUSTers/csust-got
E0nB2t,https://weibo.com/u/3993276381
EFJSTS,https://docs.github.com/en/free-pro-team@latest/rest/reference/repos/
0vKkWk,https://docs.github.com/en/free-pro-team@latest/rest/reference/repos/
KoQnHS,https://docs.github.com/en/free-pro-team@latest/rest/reference/repos/
P5aQKa,https://docs.github.com/en/free-pro-team@latest/rest/reference/repos/
MMhHkO,https://docs.github.com/en/free-pro-team@latest/rest/reference/repos/
9Gwv8f,chrome://version
QgsPdD,http://localho.st
H4gO4l,https://github.com/CSUSTers/csust-got/pull/206
LBwWi6,https://github.com/icceey
H6cmlf,https://github.com/icceey
1M5Zyb,https://github.com/icceey
KbuHPO,https://www.baidu.com/404
pCW3y2,https://m.youtube.com/watch?v=7zKgAIhIHbk
GLa8JZ,https://m.youtube.com/watch?v=7zKgAIhIHbk
ZOK4AH,https://m.youtube.com/watch?v=7zKgAIhIHbk
YHuL7L,https://www.baidu.com/404
MzGdOT,https://google.baidu.com
DWYVH6,https://m.youtube.com/watch?v=7zKgAIhIHbk
FMbkAL,https://www.baidu.com/404
LYk3rh,https://google.baidu.com
EQ41Uq,g.co
oXwBRh,https://b23.tv/HDJvSKY
XubOMA,https://github.com
3jJRi5,https://weibo.com/3993276381/MEXyAzkET
dcDp15,https://s.csu.st/3jJRi5
ME6mQH,https://s.csu.st/3jJRi5
Hw6Bcd,https://learn.microsoft.com/en-us/windows/package-manager/winget/install
Pn3djH,https://www.bilibili.com/video/BV1KX4y127Ji
gJQdLa,https://google.com
6L5vFy,chrome://flags